hotel,datetime,tempmax,tempmin,temp,precip,precipprob,windgust,windspeed,conditions,cloudcover
City Hotel,2015-07-01,23.8,17.4,19.8,2.986,100,32.4,21.7,"Rain, Partially cloudy",52.2
City Hotel,2015-07-02,26.2,16.0,20.6,0.0,0,28.8,21.5,Partially cloudy,27.1
City Hotel,2015-07-03,26.0,16.1,20.9,0.0,0,0.0,24.4,Clear,8.3
City Hotel,2015-07-04,29.2,18.9,22.7,0.0,0,32.4,21.7,Partially cloudy,38.7
City Hotel,2015-07-05,27.4,17.8,21.8,0.0,0,36.0,27.8,Partially cloudy,43.9
City Hotel,2015-07-06,30.8,16.8,22.6,0.0,0,32.4,28.1,Partially cloudy,55.7
City Hotel,2015-07-07,29.1,18.5,23.0,0.0,0,42.3,28.5,Partially cloudy,28.7
City Hotel,2015-07-08,27.8,17.6,22.0,0.0,0,42.6,24.8,Partially cloudy,37.2
City Hotel,2015-07-09,26.6,17.2,21.3,0.0,0,36.0,21.3,Partially cloudy,26.5
City Hotel,2015-07-10,25.2,17.8,20.5,0.0,0,46.2,27.1,Partially cloudy,47.7
City Hotel,2015-07-11,27.7,17.7,21.5,0.0,0,48.2,31.9,Partially cloudy,26.6
City Hotel,2015-07-12,26.4,16.9,20.7,0.0,0,48.2,31.3,Partially cloudy,31.4
City Hotel,2015-07-13,28.9,17.1,22.1,0.0,0,32.4,23.4,Partially cloudy,21.7
City Hotel,2015-07-14,30.5,17.6,22.8,0.0,0,28.8,18.1,Partially cloudy,34.2
City Hotel,2015-07-15,31.5,17.9,22.7,0.0,0,39.6,21.7,Partially cloudy,31.8
City Hotel,2015-07-16,31.3,17.8,23.6,0.0,0,39.6,27.9,Clear,18.2
City Hotel,2015-07-17,29.4,20.0,23.6,0.0,0,32.4,25.5,Partially cloudy,34.2
City Hotel,2015-07-18,28.6,19.0,23.4,0.0,0,32.4,24.0,Partially cloudy,53.0
City Hotel,2015-07-19,28.9,19.5,23.4,0.0,0,28.8,21.5,Partially cloudy,42.7
City Hotel,2015-07-20,29.8,20.7,24.4,0.0,0,36.0,24.8,Partially cloudy,47.0
City Hotel,2015-07-21,29.0,20.3,24.0,0.0,0,32.4,25.1,Partially cloudy,33.4
City Hotel,2015-07-22,27.8,20.0,23.2,0.0,0,45.6,31.9,Clear,7.7
City Hotel,2015-07-23,29.4,18.3,23.3,0.0,0,46.4,28.2,Clear,9.8
City Hotel,2015-07-24,26.0,19.2,22.5,0.015,100,47.6,27.9,"Rain, Partially cloudy",59.4
City Hotel,2015-07-25,27.4,17.0,21.2,0.0,0,39.6,31.5,Clear,19.2
City Hotel,2015-07-26,29.8,17.2,23.4,0.0,0,43.2,28.4,Clear,10.7
City Hotel,2015-07-27,28.5,19.6,23.2,0.0,0,53.6,35.0,Clear,17.3
City Hotel,2015-07-28,28.1,18.4,22.8,0.0,0,53.6,28.6,Clear,13.8
City Hotel,2015-07-29,28.7,19.1,23.6,0.0,0,51.8,27.7,Partially cloudy,42.1
City Hotel,2015-07-30,28.4,21.6,23.8,0.001,100,36.0,30.9,"Rain, Partially cloudy",60.5
City Hotel,2015-07-31,25.9,19.3,22.0,0.147,100,57.6,32.1,"Rain, Partially cloudy",65.2
City Hotel,2015-08-01,30.1,18.1,23.0,0.0,0,39.6,21.8,Partially cloudy,28.1
City Hotel,2015-08-02,31.9,17.6,23.6,0.0,0,0.0,18.2,Clear,3.4
City Hotel,2015-08-03,29.3,18.2,23.0,0.0,0,39.6,31.4,Partially cloudy,28.6
City Hotel,2015-08-04,27.0,17.0,21.8,0.0,0,28.8,23.8,Partially cloudy,21.1
City Hotel,2015-08-05,29.5,15.9,22.0,0.0,0,32.4,21.5,Clear,9.1
City Hotel,2015-08-06,30.8,19.5,23.7,0.0,0,39.6,32.0,Clear,17.8
City Hotel,2015-08-07,25.7,18.5,21.2,0.0,0,55.4,35.4,Partially cloudy,38.3
City Hotel,2015-08-08,29.1,17.0,22.4,0.0,0,54.0,31.3,Partially cloudy,57.2
City Hotel,2015-08-09,35.0,19.5,26.8,0.0,0,21.6,18.0,Clear,10.7
City Hotel,2015-08-10,34.1,19.5,26.3,0.0,0,32.4,21.6,Clear,14.6
City Hotel,2015-08-11,28.0,18.8,21.9,0.0,0,32.4,21.5,Partially cloudy,46.8
City Hotel,2015-08-12,25.2,18.6,21.4,0.0,0,36.0,24.3,Partially cloudy,35.6
City Hotel,2015-08-13,24.1,17.6,20.1,0.0,0,39.6,25.2,Partially cloudy,52.7
City Hotel,2015-08-14,24.1,16.0,19.6,0.0,0,86.4,25.2,Partially cloudy,34.2
City Hotel,2015-08-15,26.2,17.3,21.2,0.0,0,36.0,18.9,Partially cloudy,39.4
City Hotel,2015-08-16,26.2,18.6,21.3,0.0,0,32.4,17.6,Partially cloudy,69.6
City Hotel,2015-08-17,25.1,18.8,20.9,0.0,0,40.7,28.3,Partially cloudy,57.2
City Hotel,2015-08-18,26.5,17.9,21.4,0.0,0,53.6,28.6,Partially cloudy,37.9
City Hotel,2015-08-19,31.1,17.1,23.1,0.0,0,21.6,24.1,Clear,7.5
City Hotel,2015-08-20,33.8,19.3,26.0,0.0,0,36.0,21.8,Clear,14.5
City Hotel,2015-08-21,31.0,20.1,24.5,0.0,0,32.4,27.8,Partially cloudy,20.7
City Hotel,2015-08-22,26.7,19.1,21.6,0.0,0,37.1,21.6,Partially cloudy,71.2
City Hotel,2015-08-23,24.5,16.7,20.1,2.102,100,39.6,28.6,"Rain, Partially cloudy",53.0
City Hotel,2015-08-24,23.7,16.8,19.9,0.003,100,39.6,21.3,"Rain, Partially cloudy",35.9
City Hotel,2015-08-25,26.5,16.1,21.1,0.0,0,33.5,25.2,Clear,7.0
City Hotel,2015-08-26,26.7,17.8,21.9,0.0,0,32.4,24.2,Partially cloudy,40.9
City Hotel,2015-08-27,26.9,18.9,21.9,0.0,0,28.8,24.5,Partially cloudy,49.7
City Hotel,2015-08-28,29.2,20.7,24.1,0.0,0,32.4,24.7,Partially cloudy,35.2
City Hotel,2015-08-29,31.9,18.9,24.8,0.0,0,32.4,21.2,Clear,16.5
City Hotel,2015-08-30,29.2,20.4,24.1,0.0,0,36.0,28.5,Partially cloudy,36.4
City Hotel,2015-08-31,27.4,20.7,22.8,0.0,0,32.4,24.5,Partially cloudy,63.5
City Hotel,2015-09-01,25.6,18.6,21.1,0.0,0,32.4,25.0,Partially cloudy,38.8
City Hotel,2015-09-02,23.5,17.3,19.7,0.0,0,40.7,25.2,Partially cloudy,44.1
City Hotel,2015-09-03,23.0,17.1,19.0,0.0,0,39.6,30.6,Partially cloudy,37.2
City Hotel,2015-09-04,23.1,16.0,18.5,0.0,0,44.6,28.3,Partially cloudy,38.6
City Hotel,2015-09-05,22.9,15.6,18.6,0.0,0,32.4,21.3,Partially cloudy,24.5
City Hotel,2015-09-06,28.5,14.8,21.2,0.0,0,28.8,18.1,Clear,14.8
City Hotel,2015-09-07,29.0,17.8,23.1,0.0,0,37.1,21.5,Clear,14.5
City Hotel,2015-09-08,28.6,19.6,23.3,0.0,0,28.8,21.0,Partially cloudy,58.1
City Hotel,2015-09-09,25.7,16.2,20.7,0.0,0,28.8,21.6,Partially cloudy,58.3
City Hotel,2015-09-10,24.1,16.5,19.9,0.0,0,29.5,21.3,Partially cloudy,39.3
City Hotel,2015-09-11,25.2,15.3,19.8,0.376,100,28.8,21.3,"Rain, Partially cloudy",41.8
City Hotel,2015-09-12,24.6,17.3,20.0,0.0,0,32.4,21.6,Partially cloudy,54.7
City Hotel,2015-09-13,23.5,15.9,18.8,0.967,100,50.0,32.5,"Rain, Partially cloudy",57.2
City Hotel,2015-09-14,22.6,16.3,18.8,0.0,0,36.0,14.6,Partially cloudy,43.1
City Hotel,2015-09-15,21.6,15.8,18.9,0.698,100,50.4,32.7,"Rain, Partially cloudy",77.0
City Hotel,2015-09-16,23.7,16.2,19.7,2.07,100,54.0,39.3,"Rain, Partially cloudy",66.3
City Hotel,2015-09-17,23.3,14.1,18.0,0.473,100,25.2,18.1,"Rain, Partially cloudy",36.0
City Hotel,2015-09-18,24.7,14.8,19.0,0.0,0,36.0,24.7,Partially cloudy,22.6
City Hotel,2015-09-19,28.6,16.6,22.2,0.0,0,40.7,21.4,Clear,13.5
City Hotel,2015-09-20,29.8,17.5,23.2,0.0,0,38.9,18.0,Clear,4.6
City Hotel,2015-09-21,29.0,16.8,22.5,0.0,0,0.0,14.6,Partially cloudy,44.4
City Hotel,2015-09-22,22.5,15.6,18.3,0.0,0,39.6,22.0,Partially cloudy,25.7
City Hotel,2015-09-23,25.6,15.8,19.6,0.0,0,39.6,21.8,Clear,19.1
City Hotel,2015-09-24,25.7,15.9,19.9,0.0,0,0.0,18.2,Partially cloudy,20.5
City Hotel,2015-09-25,25.0,15.9,19.8,0.0,0,0.0,18.2,Partially cloudy,27.3
City Hotel,2015-09-26,26.6,15.6,19.8,1.06,100,0.0,21.6,"Rain, Partially cloudy",20.5
City Hotel,2015-09-27,27.9,15.5,20.9,0.0,0,31.7,20.5,Clear,6.5
City Hotel,2015-09-28,26.4,16.1,21.2,0.0,0,0.0,11.5,Clear,9.5
City Hotel,2015-09-29,25.4,18.1,21.0,0.291,100,33.5,17.6,"Rain, Partially cloudy",33.2
City Hotel,2015-09-30,26.7,16.3,20.5,0.0,0,32.4,21.7,Partially cloudy,32.9
City Hotel,2015-10-01,27.7,16.6,21.1,0.0,0,42.5,17.6,Partially cloudy,31.8
City Hotel,2015-10-02,25.2,17.1,20.6,0.0,0,31.7,14.5,Partially cloudy,53.1
City Hotel,2015-10-03,23.5,16.6,19.7,0.0,0,25.2,21.5,Partially cloudy,54.7
City Hotel,2015-10-04,24.6,20.0,21.7,4.052,100,57.6,36.4,"Rain, Partially cloudy",79.5
City Hotel,2015-10-05,23.5,18.1,20.6,16.509,100,64.8,42.6,"Rain, Partially cloudy",89.9
City Hotel,2015-10-06,21.1,16.5,18.7,0.477,100,39.6,24.4,"Rain, Partially cloudy",51.6
City Hotel,2015-10-07,20.4,15.3,17.6,0.0,0,32.4,21.8,Partially cloudy,42.7
City Hotel,2015-10-08,22.5,14.6,17.5,0.0,0,32.4,21.2,Partially cloudy,33.2
City Hotel,2015-10-09,20.8,13.5,16.6,0.0,0,31.7,18.2,Partially cloudy,47.5
City Hotel,2015-10-10,19.0,15.8,17.4,15.43,100,43.2,21.8,"Rain, Partially cloudy",79.9
City Hotel,2015-10-11,20.6,17.4,18.6,1.536,100,32.4,24.4,"Rain, Partially cloudy",87.0
City Hotel,2015-10-12,20.1,17.4,18.4,13.919,100,39.6,28.6,"Rain, Partially cloudy",69.6
City Hotel,2015-10-13,22.8,17.2,19.7,2.273,100,43.0,19.7,"Rain, Partially cloudy",66.4
City Hotel,2015-10-14,22.9,16.3,19.6,0.0,0,28.8,18.1,Clear,15.8
City Hotel,2015-10-15,24.2,16.0,19.0,0.0,0,31.7,14.4,Partially cloudy,29.1
City Hotel,2015-10-16,21.3,16.3,18.9,0.0,0,0.0,10.8,Partially cloudy,81.5
City Hotel,2015-10-17,19.9,17.3,18.6,10.675,100,86.4,53.5,"Rain, Partially cloudy",52.0
City Hotel,2015-10-18,19.6,16.2,17.6,22.367,100,39.6,21.3,"Rain, Partially cloudy",56.6
City Hotel,2015-10-19,19.6,14.8,17.3,0.779,100,32.4,25.0,"Rain, Partially cloudy",67.3
City Hotel,2015-10-20,24.1,17.1,20.0,2.964,100,36.0,31.7,"Rain, Partially cloudy",57.9
City Hotel,2015-10-21,22.2,15.8,18.9,0.011,100,51.8,25.0,Rain,13.3
City Hotel,2015-10-22,22.2,15.0,18.3,0.0,0,35.3,14.7,Partially cloudy,26.6
City Hotel,2015-10-23,21.9,14.4,17.8,0.0,0,27.7,10.6,Partially cloudy,64.6
City Hotel,2015-10-24,17.8,16.3,17.0,2.013,100,44.6,14.0,"Rain, Partially cloudy",77.3
City Hotel,2015-10-25,17.1,15.0,16.3,15.416,100,33.5,14.4,"Rain, Partially cloudy",87.0
City Hotel,2015-10-26,20.5,12.7,16.9,44.388,100,36.0,25.1,"Rain, Partially cloudy",69.9
City Hotel,2015-10-27,19.1,12.8,15.2,0.636,100,36.8,27.9,"Rain, Partially cloudy",49.2
City Hotel,2015-10-28,20.3,14.1,16.9,0.168,100,46.8,24.8,"Rain, Partially cloudy",50.9
City Hotel,2015-10-29,22.2,16.9,18.5,0.095,100,32.4,21.7,"Rain, Partially cloudy",58.0
City Hotel,2015-10-30,20.1,15.8,17.6,0.195,100,32.4,25.3,"Rain, Partially cloudy",66.7
City Hotel,2015-10-31,18.9,12.6,15.6,10.816,100,55.4,31.5,"Rain, Partially cloudy",54.4
City Hotel,2015-11-01,17.8,12.9,15.0,8.249,100,0.0,24.8,"Rain, Partially cloudy",59.5
City Hotel,2015-11-02,16.6,13.6,15.1,0.186,100,40.7,21.5,"Rain, Partially cloudy",77.8
City Hotel,2015-11-03,19.6,13.6,16.8,0.001,100,0.0,21.5,"Rain, Partially cloudy",58.5
City Hotel,2015-11-04,20.3,16.3,17.6,16.284,100,39.6,24.4,"Rain, Partially cloudy",68.1
City Hotel,2015-11-05,20.8,16.9,18.3,2.521,100,21.6,14.6,"Rain, Partially cloudy",87.4
City Hotel,2015-11-06,22.6,16.9,19.2,0.0,0,0.0,7.5,Partially cloudy,50.7
City Hotel,2015-11-07,23.6,16.4,19.7,0.0,0,48.2,14.4,Clear,9.9
City Hotel,2015-11-08,22.9,15.8,18.7,0.0,0,35.3,11.1,Clear,6.5
City Hotel,2015-11-09,22.7,15.5,19.0,0.0,0,42.5,14.2,Clear,17.1
City Hotel,2015-11-10,21.6,15.0,18.1,0.0,0,29.5,14.5,Partially cloudy,20.9
City Hotel,2015-11-11,21.7,14.0,17.3,0.0,0,33.5,13.9,Partially cloudy,22.5
City Hotel,2015-11-12,20.9,13.9,16.6,0.0,0,27.7,14.0,Partially cloudy,51.1
City Hotel,2015-11-13,19.7,14.3,16.6,0.0,0,24.1,14.5,Partially cloudy,44.5
City Hotel,2015-11-14,19.7,13.1,16.1,0.0,0,38.9,17.9,Clear,13.5
City Hotel,2015-11-15,20.2,13.1,16.0,0.0,0,31.7,14.0,Clear,19.4
City Hotel,2015-11-16,19.9,13.3,15.8,0.0,0,18.0,14.1,Partially cloudy,55.6
City Hotel,2015-11-17,18.7,12.1,15.4,0.0,0,35.3,14.2,Clear,15.5
City Hotel,2015-11-18,18.7,12.4,15.5,0.0,0,37.1,14.6,Partially cloudy,27.5
City Hotel,2015-11-19,19.4,12.8,15.5,0.0,0,33.5,10.6,Partially cloudy,26.4
City Hotel,2015-11-20,19.9,12.2,15.3,0.0,0,0.0,14.3,Partially cloudy,43.2
City Hotel,2015-11-21,17.0,11.7,14.8,0.326,100,61.2,32.5,"Rain, Partially cloudy",49.6
City Hotel,2015-11-22,15.0,9.8,11.7,1.7,100,50.4,21.7,"Rain, Partially cloudy",43.0
City Hotel,2015-11-23,14.0,10.1,11.7,0.003,100,44.6,24.8,Rain,11.8
City Hotel,2015-11-24,14.8,7.0,11.6,0.0,0,36.0,21.7,Partially cloudy,39.5
City Hotel,2015-11-25,17.8,12.1,14.8,0.0,0,51.8,25.0,Partially cloudy,43.2
City Hotel,2015-11-26,18.6,13.3,15.4,0.0,0,57.6,25.4,Partially cloudy,21.0
City Hotel,2015-11-27,19.2,13.8,15.5,0.0,0,36.0,25.1,Partially cloudy,24.2
City Hotel,2015-11-28,18.1,12.6,14.5,0.0,0,21.6,25.1,Clear,18.0
City Hotel,2015-11-29,17.0,10.9,13.7,0.0,0,0.0,17.5,Clear,0.0
City Hotel,2015-11-30,15.6,9.2,12.5,0.0,0,51.8,17.7,Clear,16.6
City Hotel,2015-12-01,15.4,10.0,12.8,0.005,100,21.6,14.2,"Rain, Partially cloudy",70.0
City Hotel,2015-12-02,16.3,11.8,13.9,0.0,0,35.3,10.8,Partially cloudy,63.6
City Hotel,2015-12-03,18.9,10.2,13.9,0.011,100,29.5,14.1,"Rain, Partially cloudy",51.6
City Hotel,2015-12-04,17.3,12.9,15.0,0.0,0,42.5,17.6,Partially cloudy,81.8
City Hotel,2015-12-05,19.6,11.6,14.4,0.0,0,0.0,13.5,Partially cloudy,20.8
City Hotel,2015-12-06,13.5,9.8,11.8,0.005,100,0.0,10.7,"Rain, Partially cloudy",73.1
City Hotel,2015-12-07,15.6,12.8,13.9,0.695,100,25.2,10.7,"Rain, Partially cloudy",70.8
City Hotel,2015-12-08,16.8,11.0,14.1,0.001,100,27.7,17.2,"Rain, Partially cloudy",71.4
City Hotel,2015-12-09,16.3,12.3,14.4,0.0,0,40.7,24.2,Overcast,92.0
City Hotel,2015-12-10,16.1,13.5,14.7,0.0,0,37.1,21.3,Partially cloudy,86.2
City Hotel,2015-12-11,14.8,11.1,13.2,0.0,0,27.7,20.9,Partially cloudy,87.4
City Hotel,2015-12-12,17.7,11.3,14.0,0.095,100,42.5,14.3,"Rain, Partially cloudy",55.5
City Hotel,2015-12-13,18.1,11.8,14.2,0.669,100,64.8,32.2,"Rain, Partially cloudy",79.0
City Hotel,2015-12-14,17.9,14.7,16.4,2.036,100,57.9,32.9,"Rain, Partially cloudy",76.6
City Hotel,2015-12-15,21.0,15.8,17.8,0.011,100,50.0,25.7,"Rain, Partially cloudy",70.2
City Hotel,2015-12-16,18.0,11.7,14.4,0.0,0,36.0,17.7,Partially cloudy,79.3
City Hotel,2015-12-17,19.2,11.4,15.2,0.0,0,28.8,18.1,Partially cloudy,79.4
City Hotel,2015-12-18,20.4,14.3,16.3,0.0,0,32.9,14.9,Partially cloudy,67.5
City Hotel,2015-12-19,19.6,11.4,15.5,0.0,0,50.4,29.2,Partially cloudy,59.0
City Hotel,2015-12-20,18.4,11.6,14.6,0.565,100,0.0,24.2,"Rain, Partially cloudy",30.6
City Hotel,2015-12-21,12.1,8.5,10.4,0.0,0,0.0,13.9,Partially cloudy,41.7
City Hotel,2015-12-22,9.4,7.0,7.8,0.015,100,21.6,21.2,"Rain, Overcast",92.1
City Hotel,2015-12-23,10.4,7.0,8.6,0.0,0,0.0,14.1,Overcast,90.3
City Hotel,2015-12-24,13.4,8.6,10.7,0.0,0,27.7,10.7,Partially cloudy,82.9
City Hotel,2015-12-25,15.2,9.4,12.0,0.005,100,40.7,14.5,"Rain, Partially cloudy",58.9
City Hotel,2015-12-26,15.6,9.2,12.2,0.095,100,0.0,14.2,"Rain, Partially cloudy",67.4
City Hotel,2015-12-27,16.6,9.2,13.2,0.1,100,43.2,32.1,"Rain, Partially cloudy",85.6
City Hotel,2015-12-28,17.6,11.9,15.3,7.481,100,57.6,35.9,"Rain, Partially cloudy",75.7
City Hotel,2015-12-29,17.0,10.5,13.3,0.009,100,0.0,14.5,"Rain, Partially cloudy",37.4
City Hotel,2015-12-30,17.9,12.5,15.0,1.779,100,43.2,28.6,"Rain, Partially cloudy",81.9
City Hotel,2015-12-31,16.0,11.7,13.5,0.098,100,0.0,10.5,"Rain, Partially cloudy",66.8
City Hotel,2016-01-01,18.1,11.8,14.1,4.96,100,63.0,42.4,"Rain, Partially cloudy",69.9
City Hotel,2016-01-02,16.3,11.0,13.2,0.005,100,0.0,10.9,"Rain, Partially cloudy",40.9
City Hotel,2016-01-03,16.4,12.8,15.1,5.748,100,50.4,31.7,"Rain, Partially cloudy",81.4
City Hotel,2016-01-04,17.2,12.6,15.5,15.091,100,59.4,42.3,"Rain, Partially cloudy",85.5
City Hotel,2016-01-05,13.0,9.4,10.9,2.631,100,68.4,28.5,"Rain, Partially cloudy",53.8
City Hotel,2016-01-06,15.2,9.3,12.2,1.927,100,50.4,31.7,"Rain, Partially cloudy",61.1
City Hotel,2016-01-07,16.1,14.4,15.1,7.287,100,47.2,34.8,"Rain, Partially cloudy",89.5
City Hotel,2016-01-08,16.6,12.4,14.9,9.519,100,49.3,35.0,"Rain, Partially cloudy",87.1
City Hotel,2016-01-09,16.1,10.2,13.4,3.833,100,63.0,38.6,"Rain, Partially cloudy",57.1
City Hotel,2016-01-10,16.3,13.7,15.4,8.661,100,68.4,43.0,"Rain, Partially cloudy",81.6
City Hotel,2016-01-11,16.2,10.7,13.0,7.603,100,69.0,42.6,"Rain, Partially cloudy",51.2
City Hotel,2016-01-12,17.1,10.3,12.3,0.0,0,27.7,10.4,Partially cloudy,42.6
City Hotel,2016-01-13,16.0,7.8,11.5,0.0,0,31.7,14.2,Partially cloudy,51.3
City Hotel,2016-01-14,15.9,12.0,14.1,3.26,100,32.4,25.0,"Rain, Partially cloudy",80.0
City Hotel,2016-01-15,15.3,10.5,12.3,0.0,0,39.6,21.6,Partially cloudy,26.3
City Hotel,2016-01-16,13.5,6.5,9.8,0.0,0,37.1,20.8,Partially cloudy,34.6
City Hotel,2016-01-17,11.3,6.7,8.4,1.494,100,0.0,14.2,"Rain, Partially cloudy",72.9
City Hotel,2016-01-18,17.0,9.1,12.4,0.197,100,0.0,11.4,"Rain, Partially cloudy",65.6
City Hotel,2016-01-19,15.8,11.1,12.9,10.48,100,0.0,21.5,"Rain, Partially cloudy",76.9
City Hotel,2016-01-20,16.8,10.9,13.8,0.347,100,46.8,17.9,"Rain, Partially cloudy",58.8
City Hotel,2016-01-21,16.2,13.6,14.8,14.842,100,0.0,10.7,"Rain, Overcast",92.4
City Hotel,2016-01-22,16.4,13.3,14.8,0.852,100,0.0,7.3,"Rain, Overcast",94.8
City Hotel,2016-01-23,18.5,14.1,15.7,0.006,100,29.5,14.1,"Rain, Partially cloudy",64.0
City Hotel,2016-01-24,20.6,11.7,15.6,0.005,100,46.8,28.0,"Rain, Partially cloudy",67.4
City Hotel,2016-01-25,16.8,11.4,13.9,12.987,100,53.6,25.0,"Rain, Partially cloudy",61.5
City Hotel,2016-01-26,15.8,9.8,12.2,0.112,100,0.0,10.7,"Rain, Partially cloudy",35.8
City Hotel,2016-01-27,14.9,9.5,12.0,0.0,0,0.0,10.8,Partially cloudy,50.3
City Hotel,2016-01-28,15.0,11.7,12.9,12.931,100,36.0,24.8,"Rain, Partially cloudy",58.3
City Hotel,2016-01-29,16.0,10.6,12.6,0.0,0,32.4,27.9,Partially cloudy,26.9
City Hotel,2016-01-30,16.0,9.6,12.3,0.0,0,25.2,18.0,Partially cloudy,46.3
City Hotel,2016-01-31,16.2,11.7,13.8,0.0,0,0.0,17.8,Partially cloudy,83.5
City Hotel,2016-02-01,16.8,10.8,13.5,0.0,0,37.5,18.0,Partially cloudy,27.1
City Hotel,2016-02-02,16.5,11.3,13.1,0.0,0,28.8,24.9,Partially cloudy,40.8
City Hotel,2016-02-03,18.0,12.5,14.5,0.0,0,39.6,28.4,Partially cloudy,52.3
City Hotel,2016-02-04,15.8,10.0,12.6,0.0,0,51.8,31.4,Partially cloudy,77.3
City Hotel,2016-02-05,16.2,8.7,11.8,0.0,0,31.7,17.4,Partially cloudy,39.7
City Hotel,2016-02-06,16.3,11.7,13.4,12.777,100,51.8,35.4,"Rain, Partially cloudy",78.3
City Hotel,2016-02-07,17.4,10.8,13.1,0.031,100,46.8,21.1,"Rain, Partially cloudy",60.3
City Hotel,2016-02-08,17.0,12.6,14.3,0.385,100,28.8,21.3,"Rain, Partially cloudy",84.1
City Hotel,2016-02-09,18.0,13.2,14.8,0.822,100,50.4,32.0,"Rain, Partially cloudy",77.3
City Hotel,2016-02-10,15.4,14.3,14.8,8.611,100,42.5,31.4,"Rain, Partially cloudy",84.7
City Hotel,2016-02-11,16.9,13.2,14.7,1.807,100,38.9,21.3,"Rain, Partially cloudy",85.4
City Hotel,2016-02-12,15.9,14.0,14.9,7.144,100,51.9,35.0,"Rain, Overcast",90.5
City Hotel,2016-02-13,15.1,14.0,14.6,4.989,100,50.0,35.4,"Rain, Partially cloudy",87.5
City Hotel,2016-02-14,14.1,7.6,11.3,8.982,100,69.4,39.5,"Rain, Partially cloudy",56.2
City Hotel,2016-02-15,12.6,9.2,10.6,1.348,100,74.2,51.8,"Rain, Partially cloudy",43.1
City Hotel,2016-02-16,13.3,6.2,9.3,0.0,0,53.6,28.3,Clear,4.8
City Hotel,2016-02-17,12.3,5.0,8.9,9.113,100,0.0,24.6,"Rain, Partially cloudy",52.7
City Hotel,2016-02-18,13.1,6.8,9.5,1.273,100,40.3,33.5,"Rain, Partially cloudy",33.0
City Hotel,2016-02-19,14.7,7.4,10.6,0.0,0,43.2,28.3,Clear,5.2
City Hotel,2016-02-20,16.7,8.6,12.5,0.0,0,36.0,28.5,Clear,3.3
City Hotel,2016-02-21,18.0,10.2,12.9,2.892,100,0.0,21.4,"Rain, Partially cloudy",24.9
City Hotel,2016-02-22,19.7,10.5,13.8,0.0,0,27.7,17.2,Partially cloudy,38.7
City Hotel,2016-02-23,16.0,9.6,12.3,0.0,0,0.0,17.6,Partially cloudy,64.5
City Hotel,2016-02-24,15.9,10.6,12.7,3.773,100,51.8,31.5,"Rain, Partially cloudy",75.7
City Hotel,2016-02-25,17.9,9.9,12.7,0.0,0,43.2,17.8,Partially cloudy,54.4
City Hotel,2016-02-26,12.6,7.4,10.4,18.898,100,72.4,35.5,"Rain, Partially cloudy",73.2
City Hotel,2016-02-27,9.0,5.1,6.9,15.153,100,64.8,28.6,"Rain, Partially cloudy",55.5
City Hotel,2016-02-28,14.3,5.9,10.4,0.026,100,55.4,32.4,"Rain, Partially cloudy",43.5
City Hotel,2016-02-29,15.7,8.6,11.4,0.0,0,43.2,25.1,Clear,15.4
City Hotel,2016-03-01,18.7,8.7,12.8,0.0,0,32.4,24.6,Clear,13.6
City Hotel,2016-03-02,16.8,10.8,13.2,0.0,0,33.9,24.7,Partially cloudy,72.2
City Hotel,2016-03-03,16.0,10.3,12.5,0.0,0,41.8,28.2,Partially cloudy,32.7
City Hotel,2016-03-04,15.3,10.0,12.1,0.22,100,43.2,21.6,"Rain, Partially cloudy",67.5
City Hotel,2016-03-05,15.6,8.6,11.2,1.066,100,39.6,25.0,"Rain, Partially cloudy",45.0
City Hotel,2016-03-06,13.9,8.5,10.7,0.126,100,39.6,21.6,"Rain, Partially cloudy",44.7
City Hotel,2016-03-07,13.6,9.4,11.5,1.319,100,61.2,41.6,"Rain, Partially cloudy",66.8
City Hotel,2016-03-08,15.8,9.0,11.8,0.0,0,54.0,27.8,Partially cloudy,21.4
City Hotel,2016-03-09,15.9,9.7,12.0,0.006,100,51.8,28.4,"Rain, Partially cloudy",59.3
City Hotel,2016-03-10,15.5,9.7,12.0,0.0,0,68.4,32.4,Partially cloudy,27.7
City Hotel,2016-03-11,16.6,9.5,12.5,0.0,0,39.6,23.9,Clear,6.4
City Hotel,2016-03-12,17.3,8.0,12.5,0.0,0,0.0,14.3,Partially cloudy,23.1
City Hotel,2016-03-13,18.5,7.8,13.0,0.0,0,33.5,14.2,Clear,19.0
City Hotel,2016-03-14,16.9,8.0,11.9,0.0,0,28.8,24.5,Partially cloudy,41.4
City Hotel,2016-03-15,17.6,10.8,12.8,7.054,100,32.4,15.0,"Rain, Partially cloudy",70.5
City Hotel,2016-03-16,16.4,9.2,12.5,0.146,100,28.8,17.9,"Rain, Partially cloudy",49.1
City Hotel,2016-03-17,17.8,9.2,13.0,0.0,0,0.0,17.6,Partially cloudy,45.0
City Hotel,2016-03-18,15.9,11.7,13.1,13.878,100,32.4,21.7,"Rain, Partially cloudy",63.8
City Hotel,2016-03-19,16.5,9.4,12.3,10.49,100,32.4,24.7,"Rain, Partially cloudy",46.7
City Hotel,2016-03-20,14.7,9.0,11.3,2.636,100,29.5,13.9,"Rain, Partially cloudy",53.4
City Hotel,2016-03-21,16.2,9.5,11.8,0.262,100,44.6,17.5,"Rain, Partially cloudy",40.2
City Hotel,2016-03-22,17.6,10.1,13.0,0.03,100,44.6,28.1,"Rain, Partially cloudy",39.4
City Hotel,2016-03-23,16.5,9.7,12.4,0.041,100,43.2,28.3,"Rain, Partially cloudy",39.0
City Hotel,2016-03-24,19.4,10.6,13.8,0.658,100,32.4,24.8,Rain,18.3
City Hotel,2016-03-25,18.3,9.1,13.4,0.0,0,32.4,24.3,Partially cloudy,36.3
City Hotel,2016-03-26,15.6,12.5,13.8,6.119,100,43.2,28.2,"Rain, Partially cloudy",77.7
City Hotel,2016-03-27,16.9,8.8,12.8,0.001,100,28.8,24.8,"Rain, Partially cloudy",35.2
City Hotel,2016-03-28,17.5,12.1,14.3,0.0,0,32.4,25.4,Partially cloudy,66.2
City Hotel,2016-03-29,19.8,12.2,15.0,0.0,0,25.2,17.8,Partially cloudy,61.1
City Hotel,2016-03-30,17.7,9.0,12.9,2.22,100,54.0,36.0,"Rain, Partially cloudy",65.9
City Hotel,2016-03-31,15.0,8.8,11.4,0.538,100,55.4,28.7,"Rain, Partially cloudy",42.9
City Hotel,2016-04-01,17.5,9.1,12.4,0.0,0,36.0,17.9,Partially cloudy,33.7
City Hotel,2016-04-02,16.9,8.6,12.0,8.191,100,36.0,26.0,"Rain, Partially cloudy",68.5
City Hotel,2016-04-03,15.5,10.0,12.4,10.204,100,36.0,25.3,"Rain, Partially cloudy",62.5
City Hotel,2016-04-04,14.8,11.8,13.2,22.325,100,46.8,28.4,"Rain, Partially cloudy",72.6
City Hotel,2016-04-05,17.0,10.7,13.4,0.0,0,45.4,30.7,Partially cloudy,43.0
City Hotel,2016-04-06,20.8,10.8,14.8,0.0,0,36.0,27.7,Partially cloudy,30.9
City Hotel,2016-04-07,21.2,12.3,15.5,0.0,0,65.1,38.4,Partially cloudy,24.7
City Hotel,2016-04-08,16.0,10.6,12.8,0.0,0,57.0,34.7,Partially cloudy,39.4
City Hotel,2016-04-09,15.4,10.3,12.8,0.015,100,43.2,27.3,"Rain, Partially cloudy",63.6
City Hotel,2016-04-10,16.4,10.4,12.4,1.865,100,50.4,38.6,"Rain, Partially cloudy",68.3
City Hotel,2016-04-11,16.5,9.0,12.3,1.369,100,55.0,38.3,"Rain, Partially cloudy",55.5
City Hotel,2016-04-12,17.5,10.7,12.9,15.4,100,58.3,35.8,"Rain, Partially cloudy",45.9
City Hotel,2016-04-13,18.3,11.3,14.2,4.504,100,50.4,32.1,"Rain, Partially cloudy",44.8
City Hotel,2016-04-14,16.0,13.7,14.9,11.852,100,61.2,32.9,"Rain, Partially cloudy",84.2
City Hotel,2016-04-15,16.7,14.1,15.3,28.394,100,55.4,29.3,"Rain, Partially cloudy",89.6
City Hotel,2016-04-16,17.3,13.3,15.4,16.393,100,66.6,39.3,"Rain, Partially cloudy",74.1
City Hotel,2016-04-17,18.3,11.3,14.7,0.0,0,25.2,21.4,Partially cloudy,41.5
City Hotel,2016-04-18,21.1,11.4,15.7,0.094,100,36.0,18.4,"Rain, Partially cloudy",52.5
City Hotel,2016-04-19,18.5,13.8,15.8,4.997,100,53.3,32.4,"Rain, Partially cloudy",58.9
City Hotel,2016-04-20,18.0,11.8,14.9,0.0,0,39.6,32.3,Partially cloudy,42.7
City Hotel,2016-04-21,19.1,11.9,15.2,4.881,100,36.0,21.6,"Rain, Partially cloudy",44.0
City Hotel,2016-04-22,19.3,12.6,15.4,0.107,100,28.8,14.4,"Rain, Partially cloudy",49.7
City Hotel,2016-04-23,20.3,13.1,16.0,0.004,100,32.4,24.8,"Rain, Partially cloudy",71.3
City Hotel,2016-04-24,21.4,12.0,16.3,0.0,0,28.8,21.4,Partially cloudy,25.0
City Hotel,2016-04-25,24.0,13.0,17.6,0.0,0,42.5,18.4,Clear,10.9
City Hotel,2016-04-26,22.1,11.6,15.9,0.0,0,0.0,21.2,Partially cloudy,43.7
City Hotel,2016-04-27,19.7,12.5,15.2,0.0,0,32.4,17.9,Partially cloudy,41.4
City Hotel,2016-04-28,20.1,11.9,15.5,0.0,0,21.6,14.6,Partially cloudy,60.8
City Hotel,2016-04-29,22.0,12.5,16.7,0.0,0,35.3,24.7,Partially cloudy,50.8
City Hotel,2016-04-30,20.2,12.0,15.6,0.0,0,39.6,28.4,Clear,14.6
City Hotel,2016-05-01,23.2,13.7,18.0,0.0,0,43.3,28.3,Clear,0.0
City Hotel,2016-05-02,25.2,15.4,19.6,0.0,0,40.7,27.8,Clear,0.0
City Hotel,2016-05-03,29.6,16.5,22.9,0.0,0,32.4,21.6,Clear,4.1
City Hotel,2016-05-04,27.1,17.5,21.1,0.0,0,36.0,28.4,Partially cloudy,70.8
City Hotel,2016-05-05,17.8,14.7,16.2,10.358,100,36.0,13.9,"Rain, Partially cloudy",77.5
City Hotel,2016-05-06,15.8,13.0,14.3,12.862,100,36.0,21.3,"Rain, Partially cloudy",79.6
City Hotel,2016-05-07,14.1,12.5,13.3,64.099,100,75.9,39.9,"Rain, Partially cloudy",79.9
City Hotel,2016-05-08,18.0,13.1,15.2,4.022,100,55.4,36.1,"Rain, Partially cloudy",76.7
City Hotel,2016-05-09,15.3,13.1,14.1,5.667,100,43.2,35.1,"Rain, Partially cloudy",55.4
City Hotel,2016-05-10,18.2,11.2,14.3,12.354,100,55.4,35.6,"Rain, Partially cloudy",56.4
City Hotel,2016-05-11,17.4,11.3,13.5,15.706,100,39.6,24.6,"Rain, Partially cloudy",58.5
City Hotel,2016-05-12,17.7,12.5,14.1,6.613,100,36.0,21.0,"Rain, Partially cloudy",48.5
City Hotel,2016-05-13,18.4,12.4,14.8,3.051,100,31.0,24.8,"Rain, Partially cloudy",49.1
City Hotel,2016-05-14,17.6,12.8,15.0,0.0,0,32.4,21.5,Partially cloudy,43.1
City Hotel,2016-05-15,20.8,13.5,16.5,0.0,0,32.4,21.4,Partially cloudy,44.6
City Hotel,2016-05-16,23.5,12.7,17.4,0.0,0,0.0,21.2,Partially cloudy,40.2
City Hotel,2016-05-17,20.4,13.8,16.6,0.0,0,42.5,25.0,Partially cloudy,32.1
City Hotel,2016-05-18,21.5,13.1,16.8,0.0,0,46.4,32.1,Partially cloudy,29.2
City Hotel,2016-05-19,23.1,14.1,18.3,0.0,0,39.6,28.6,Partially cloudy,25.9
City Hotel,2016-05-20,29.7,16.0,22.0,0.0,0,29.5,18.3,Clear,9.5
City Hotel,2016-05-21,22.5,14.6,17.9,0.0,0,36.0,24.6,Partially cloudy,43.8
City Hotel,2016-05-22,21.0,14.0,17.6,0.0,0,32.4,21.6,Partially cloudy,57.5
City Hotel,2016-05-23,24.1,12.5,17.3,0.0,0,32.4,20.4,Partially cloudy,66.6
City Hotel,2016-05-24,19.9,15.1,16.9,1.084,100,36.0,27.8,"Rain, Partially cloudy",60.6
City Hotel,2016-05-25,21.5,14.6,17.5,0.381,100,0.0,21.3,"Rain, Partially cloudy",41.3
City Hotel,2016-05-26,21.5,13.9,17.5,0.0,0,27.7,24.9,Partially cloudy,36.9
City Hotel,2016-05-27,20.5,14.7,17.7,0.096,100,0.0,32.1,"Rain, Partially cloudy",63.3
City Hotel,2016-05-28,20.3,12.7,16.8,11.641,100,0.0,38.2,"Rain, Partially cloudy",69.9
City Hotel,2016-05-29,20.5,14.1,17.0,0.007,100,0.0,27.4,"Rain, Partially cloudy",39.4
City Hotel,2016-05-30,22.0,13.5,17.2,0.0,0,0.0,24.2,Partially cloudy,33.7
City Hotel,2016-05-31,26.0,14.1,19.5,0.0,0,0.0,21.5,Partially cloudy,20.3
City Hotel,2016-06-01,29.1,16.1,22.6,0.0,0,37.1,21.2,Partially cloudy,29.4
City Hotel,2016-06-02,27.8,18.4,22.3,0.0,0,0.0,18.2,Partially cloudy,75.1
City Hotel,2016-06-03,22.5,15.1,18.5,0.0,0,42.5,18.1,Partially cloudy,36.6
City Hotel,2016-06-04,22.9,14.3,18.5,0.0,0,31.7,28.2,Partially cloudy,51.4
City Hotel,2016-06-05,23.6,15.6,19.9,0.0,0,0.0,24.4,Partially cloudy,52.7
City Hotel,2016-06-06,25.2,17.2,20.9,0.0,0,0.0,17.6,Partially cloudy,49.7
City Hotel,2016-06-07,28.7,16.4,22.4,0.0,0,0.0,15.0,Clear,1.2
City Hotel,2016-06-08,32.8,19.2,25.3,0.0,0,0.0,21.8,Partially cloudy,30.1
City Hotel,2016-06-09,26.5,18.9,22.1,0.0,0,42.2,25.2,Partially cloudy,49.9
City Hotel,2016-06-10,23.4,17.1,19.8,0.001,100,53.6,28.9,"Rain, Partially cloudy",47.9
City Hotel,2016-06-11,24.3,16.1,19.9,0.0,0,0.0,28.5,Partially cloudy,35.1
City Hotel,2016-06-12,28.3,18.1,22.2,0.0,0,0.0,21.7,Partially cloudy,52.4
City Hotel,2016-06-13,22.6,18.5,20.4,0.0,0,36.0,21.7,Partially cloudy,74.7
City Hotel,2016-06-14,24.4,16.9,20.0,0.0,0,36.0,24.1,Partially cloudy,45.1
City Hotel,2016-06-15,22.0,15.7,18.1,1.059,100,44.8,25.2,"Rain, Partially cloudy",49.3
City Hotel,2016-06-16,22.5,14.5,18.3,0.056,100,0.0,24.8,"Rain, Partially cloudy",39.3
City Hotel,2016-06-17,22.6,14.6,18.4,0.0,0,0.0,25.0,Partially cloudy,36.0
City Hotel,2016-06-18,24.4,15.5,19.4,0.0,0,31.7,33.7,Clear,10.8
City Hotel,2016-06-19,29.8,17.0,22.1,0.0,0,46.4,24.0,Clear,2.1
City Hotel,2016-06-20,32.5,17.8,24.4,0.0,0,0.0,21.9,Clear,0.0
City Hotel,2016-06-21,30.6,19.5,24.8,0.0,0,31.7,24.7,Clear,0.4
City Hotel,2016-06-22,30.6,19.0,23.9,0.0,0,33.5,21.1,Clear,11.6
City Hotel,2016-06-23,26.5,17.1,21.0,0.0,0,42.5,21.6,Partially cloudy,38.2
City Hotel,2016-06-24,25.8,17.6,20.4,0.0,0,46.8,25.2,Partially cloudy,40.4
City Hotel,2016-06-25,25.0,17.0,20.1,0.0,0,50.0,31.8,Partially cloudy,35.4
City Hotel,2016-06-26,30.0,17.0,22.7,0.0,0,46.4,25.2,Clear,14.7
City Hotel,2016-06-27,32.6,19.9,26.2,0.0,0,50.0,27.3,Clear,3.3
City Hotel,2016-06-28,30.5,19.0,24.8,0.0,0,51.8,34.8,Clear,9.8
City Hotel,2016-06-29,25.4,17.1,20.8,0.0,0,44.6,37.3,Partially cloudy,21.9
City Hotel,2016-06-30,26.4,16.0,20.1,0.0,0,40.6,22.0,Partially cloudy,29.4
City Hotel,2016-07-01,25.4,17.5,20.1,0.0,0,51.8,34.4,Partially cloudy,57.9
City Hotel,2016-07-02,27.9,16.6,21.3,0.0,0,44.6,28.6,Clear,16.8
City Hotel,2016-07-03,35.9,19.0,26.5,0.0,0,35.3,21.7,Clear,4.0
City Hotel,2016-07-04,26.3,19.5,22.9,0.475,100,0.0,21.1,"Rain, Partially cloudy",23.1
City Hotel,2016-07-05,29.0,17.4,21.9,0.0,0,25.9,21.4,Clear,18.0
City Hotel,2016-07-06,25.6,15.7,20.4,0.0,0,0.0,21.2,Partially cloudy,34.3
City Hotel,2016-07-07,30.4,18.3,23.9,1.08,100,38.9,14.7,"Rain, Partially cloudy",30.9
City Hotel,2016-07-08,31.9,18.5,24.5,0.0,0,55.4,28.2,Clear,17.8
City Hotel,2016-07-09,33.4,19.9,25.8,0.0,0,53.6,31.3,Clear,10.8
City Hotel,2016-07-10,28.9,18.6,23.0,0.0,0,44.6,34.6,Partially cloudy,25.3
City Hotel,2016-07-11,26.4,17.0,21.2,0.0,0,51.8,28.5,Partially cloudy,23.7
City Hotel,2016-07-12,24.4,17.0,20.1,0.0,0,61.2,43.5,Clear,15.9
City Hotel,2016-07-13,27.8,16.5,21.5,0.0,0,63.0,36.2,Clear,5.4
City Hotel,2016-07-14,34.9,19.8,26.3,0.0,0,44.6,21.0,Clear,0.0
City Hotel,2016-07-15,35.5,24.7,28.7,0.0,0,44.6,24.9,Clear,0.0
City Hotel,2016-07-16,32.7,23.3,28.2,0.0,0,0.0,18.3,Clear,0.0
City Hotel,2016-07-17,34.5,23.1,28.7,0.0,0,29.5,20.8,Clear,1.3
City Hotel,2016-07-18,29.0,18.7,24.1,0.0,0,0.0,28.1,Clear,4.1
City Hotel,2016-07-19,32.3,19.0,24.4,0.0,0,31.7,18.4,Clear,10.1
City Hotel,2016-07-20,30.9,18.1,23.0,0.0,0,0.0,28.1,Clear,19.0
City Hotel,2016-07-21,28.4,18.5,22.3,0.0,0,0.0,25.8,Partially cloudy,26.0
City Hotel,2016-07-22,27.0,19.6,22.3,0.0,0,51.8,35.1,Partially cloudy,44.5
City Hotel,2016-07-23,35.0,20.5,26.6,0.0,0,50.0,27.9,Clear,0.4
City Hotel,2016-07-24,33.8,25.9,29.7,0.0,0,38.9,21.3,Clear,2.7
City Hotel,2016-07-25,33.6,23.0,29.0,0.0,0,29.5,24.6,Clear,0.0
City Hotel,2016-07-26,31.7,19.5,26.6,0.0,0,39.6,18.3,Clear,16.0
City Hotel,2016-07-27,29.3,18.0,22.9,0.0,0,36.0,18.1,Partially cloudy,38.2
City Hotel,2016-07-28,33.1,18.1,24.9,0.0,0,0.0,21.3,Clear,3.2
City Hotel,2016-07-29,30.7,21.1,24.8,0.0,0,33.5,31.5,Clear,0.1
City Hotel,2016-07-30,25.5,18.1,20.8,0.0,0,0.0,21.3,Partially cloudy,61.2
City Hotel,2016-07-31,27.0,18.0,21.7,0.0,0,0.0,28.7,Partially cloudy,37.1
City Hotel,2016-08-01,28.3,17.6,22.3,0.0,0,0.0,31.6,Clear,10.5
City Hotel,2016-08-02,32.8,17.1,23.2,0.0,0,46.4,28.2,Clear,11.1
City Hotel,2016-08-03,27.5,19.0,22.3,0.0,0,55.4,31.4,Partially cloudy,22.7
City Hotel,2016-08-04,28.3,19.2,22.5,0.0,0,46.4,24.8,Partially cloudy,52.9
City Hotel,2016-08-05,30.1,18.5,23.7,0.0,0,43.2,34.7,Clear,12.3
City Hotel,2016-08-06,34.8,20.4,28.0,0.0,0,38.9,21.5,Clear,0.0
City Hotel,2016-08-07,35.2,28.2,31.3,0.0,0,37.1,24.4,Clear,1.2
City Hotel,2016-08-08,33.9,22.0,29.0,0.0,0,42.5,18.3,Clear,0.0
City Hotel,2016-08-09,35.0,21.7,27.9,0.0,0,48.2,25.9,Clear,12.5
City Hotel,2016-08-10,33.1,18.1,25.2,0.0,0,36.0,28.2,Clear,9.1
City Hotel,2016-08-11,33.6,23.0,27.9,0.0,0,44.6,25.2,Clear,0.8
City Hotel,2016-08-12,34.1,23.4,28.5,0.0,0,44.6,25.2,Clear,0.0
City Hotel,2016-08-13,36.4,21.3,28.6,0.0,0,50.0,28.4,Clear,0.0
City Hotel,2016-08-14,31.3,19.4,25.5,0.0,0,0.0,27.4,Clear,7.0
City Hotel,2016-08-15,28.1,18.0,21.9,0.0,0,40.7,18.4,Partially cloudy,25.4
City Hotel,2016-08-16,28.4,17.6,21.8,0.0,0,33.5,18.5,Clear,14.7
City Hotel,2016-08-17,27.5,19.4,22.6,0.0,0,0.0,18.0,Partially cloudy,54.3
City Hotel,2016-08-18,29.0,17.6,22.1,0.0,0,0.0,18.1,Clear,11.1
City Hotel,2016-08-19,27.2,19.1,22.4,0.188,100,0.0,20.8,"Rain, Partially cloudy",71.7
City Hotel,2016-08-20,26.5,17.6,21.4,0.0,0,0.0,34.9,Partially cloudy,23.2
City Hotel,2016-08-21,32.0,18.0,24.0,0.0,0,38.9,31.6,Clear,0.0
City Hotel,2016-08-22,32.6,19.9,26.2,0.0,0,31.7,21.7,Clear,0.0
City Hotel,2016-08-23,35.0,20.9,26.8,0.0,0,31.7,24.5,Partially cloudy,29.9
City Hotel,2016-08-24,30.9,20.7,25.1,0.001,100,0.0,24.4,Rain,17.8
City Hotel,2016-08-25,30.9,19.1,23.7,0.0,0,0.0,25.2,Clear,15.6
City Hotel,2016-08-26,31.6,19.5,23.8,0.0,0,35.3,24.5,Clear,14.5
City Hotel,2016-08-27,30.7,19.5,24.3,0.0,0,31.7,18.3,Partially cloudy,21.2
City Hotel,2016-08-28,29.5,19.0,22.9,0.0,0,0.0,27.7,Clear,19.8
City Hotel,2016-08-29,29.8,17.6,22.0,0.0,0,0.0,27.6,Clear,13.3
City Hotel,2016-08-30,27.9,17.7,21.5,0.0,0,50.0,22.3,Partially cloudy,36.3
City Hotel,2016-08-31,27.8,18.0,21.7,0.0,0,43.2,28.4,Partially cloudy,46.8
City Hotel,2016-09-01,29.7,17.7,23.1,0.0,0,0.0,17.8,Clear,9.4
City Hotel,2016-09-02,30.7,19.4,24.6,0.0,0,48.2,17.3,Clear,14.6
City Hotel,2016-09-03,31.1,20.6,25.7,0.0,0,31.7,18.1,Partially cloudy,28.0
City Hotel,2016-09-04,36.1,21.2,28.0,0.0,0,33.5,21.0,Clear,13.6
City Hotel,2016-09-05,38.6,23.7,30.6,0.0,0,37.1,21.3,Clear,12.0
City Hotel,2016-09-06,35.7,23.6,28.8,0.0,0,31.7,17.9,Partially cloudy,21.5
City Hotel,2016-09-07,26.5,19.4,23.0,0.0,0,37.1,24.6,Partially cloudy,56.1
City Hotel,2016-09-08,25.1,18.1,21.0,0.0,0,0.0,25.5,Partially cloudy,33.2
City Hotel,2016-09-09,26.9,17.9,21.1,0.0,0,0.0,21.8,Partially cloudy,33.8
City Hotel,2016-09-10,27.1,18.1,22.2,0.0,0,46.4,25.2,Partially cloudy,44.2
City Hotel,2016-09-11,30.4,19.6,23.9,0.0,0,0.0,21.2,Partially cloudy,24.6
City Hotel,2016-09-12,27.5,18.7,22.4,0.0,0,31.7,21.2,Partially cloudy,26.3
City Hotel,2016-09-13,23.5,17.0,20.0,17.242,100,43.2,24.5,"Rain, Partially cloudy",55.6
City Hotel,2016-09-14,22.0,15.7,18.7,0.0,0,0.0,17.8,Partially cloudy,33.1
City Hotel,2016-09-15,24.0,15.0,19.1,0.983,100,0.0,18.1,"Rain, Partially cloudy",51.4
City Hotel,2016-09-16,25.1,16.5,20.1,0.0,0,0.0,25.1,Partially cloudy,30.6
City Hotel,2016-09-17,30.1,17.9,23.0,0.0,0,48.2,21.3,Clear,10.3
City Hotel,2016-09-18,30.0,19.4,23.9,0.0,0,48.2,24.2,Partially cloudy,45.1
City Hotel,2016-09-19,30.6,16.9,22.7,0.0,0,35.3,21.6,Partially cloudy,35.6
City Hotel,2016-09-20,25.1,15.7,19.7,0.0,0,32.4,21.6,Partially cloudy,22.4
City Hotel,2016-09-21,23.5,16.6,19.1,0.0,0,39.6,21.6,Partially cloudy,27.7
City Hotel,2016-09-22,23.3,15.2,18.5,0.0,0,0.0,20.9,Partially cloudy,35.5
City Hotel,2016-09-23,26.9,16.3,20.9,0.0,0,0.0,21.3,Clear,17.8
City Hotel,2016-09-24,26.0,16.1,20.2,0.0,0,0.0,21.2,Partially cloudy,23.6
City Hotel,2016-09-25,25.5,17.6,20.6,0.19,100,0.0,28.1,"Rain, Partially cloudy",50.2
City Hotel,2016-09-26,24.6,16.1,19.5,0.0,0,0.0,28.5,Partially cloudy,67.8
City Hotel,2016-09-27,30.2,18.6,23.4,0.0,0,0.0,24.9,Clear,15.8
City Hotel,2016-09-28,32.2,19.7,26.4,0.0,0,42.5,24.6,Clear,10.0
City Hotel,2016-09-29,29.0,18.5,23.6,0.0,0,28.8,25.0,Clear,11.1
City Hotel,2016-09-30,27.1,18.0,22.1,0.0,0,32.4,28.6,Partially cloudy,33.7
City Hotel,2016-10-01,24.0,16.0,19.3,0.0,0,37.1,24.2,Partially cloudy,47.5
City Hotel,2016-10-02,23.3,14.6,18.3,0.0,0,40.7,14.7,Partially cloudy,29.0
City Hotel,2016-10-03,22.7,14.1,18.2,0.0,0,33.5,18.1,Partially cloudy,56.7
City Hotel,2016-10-04,26.0,15.1,19.6,0.0,0,33.5,24.6,Partially cloudy,49.6
City Hotel,2016-10-05,28.6,15.5,21.3,0.0,0,42.5,14.7,Partially cloudy,38.7
City Hotel,2016-10-06,25.1,15.8,19.5,0.0,0,33.5,18.0,Partially cloudy,43.3
City Hotel,2016-10-07,23.0,14.4,18.4,0.0,0,0.0,21.2,Partially cloudy,50.9
City Hotel,2016-10-08,24.1,16.5,19.4,0.0,0,40.7,31.2,Partially cloudy,36.7
City Hotel,2016-10-09,22.8,16.0,18.1,0.0,0,0.0,17.9,Partially cloudy,31.3
City Hotel,2016-10-10,22.0,14.5,17.4,0.0,0,38.9,18.0,Partially cloudy,35.4
City Hotel,2016-10-11,21.1,14.1,17.4,4.204,100,39.6,24.8,"Rain, Partially cloudy",63.3
City Hotel,2016-10-12,20.1,14.5,16.6,11.585,100,39.6,18.5,"Rain, Partially cloudy",67.9
City Hotel,2016-10-13,20.2,13.2,16.3,0.116,100,0.0,15.6,"Rain, Partially cloudy",42.2
City Hotel,2016-10-14,21.0,13.5,16.8,0.0,0,0.0,20.9,Partially cloudy,28.3
City Hotel,2016-10-15,20.7,14.9,17.0,12.287,100,0.0,21.5,"Rain, Partially cloudy",49.8
City Hotel,2016-10-16,21.0,15.7,17.7,0.0,0,27.7,14.3,Partially cloudy,68.3
City Hotel,2016-10-17,20.6,16.1,18.2,1.606,100,43.2,18.1,"Rain, Partially cloudy",76.0
City Hotel,2016-10-18,26.0,17.0,20.3,0.0,0,33.5,14.3,Partially cloudy,51.7
City Hotel,2016-10-19,23.9,18.1,20.2,0.0,0,33.5,17.7,Partially cloudy,70.1
City Hotel,2016-10-20,21.9,16.1,18.4,0.0,0,29.5,18.1,Partially cloudy,58.4
City Hotel,2016-10-21,19.6,15.7,17.4,0.106,100,0.0,7.8,"Rain, Partially cloudy",81.5
City Hotel,2016-10-22,20.5,16.6,18.3,5.461,100,0.0,28.3,"Rain, Partially cloudy",76.5
City Hotel,2016-10-23,19.0,13.2,16.1,9.017,100,50.0,28.7,"Rain, Partially cloudy",47.8
City Hotel,2016-10-24,18.6,13.5,15.7,12.01,100,0.0,21.1,"Rain, Partially cloudy",63.6
City Hotel,2016-10-25,21.6,16.2,18.5,5.951,100,42.5,24.5,"Rain, Partially cloudy",65.1
City Hotel,2016-10-26,24.7,17.0,20.7,0.013,100,42.5,20.9,"Rain, Partially cloudy",84.2
City Hotel,2016-10-27,26.2,21.0,23.5,0.0,0,40.7,27.9,Overcast,93.4
City Hotel,2016-10-28,27.6,20.5,23.6,0.0,0,36.0,21.4,Partially cloudy,76.8
City Hotel,2016-10-29,25.8,18.9,22.2,0.0,0,0.0,17.8,Partially cloudy,88.1
City Hotel,2016-10-30,24.5,16.5,20.1,0.0,0,42.5,14.4,Partially cloudy,68.7
City Hotel,2016-10-31,23.7,14.9,19.0,0.0,0,38.9,13.8,Partially cloudy,52.3
City Hotel,2016-11-01,22.5,17.0,19.2,0.001,100,40.7,14.3,"Rain, Partially cloudy",58.9
City Hotel,2016-11-02,22.0,16.1,18.1,2.009,100,0.0,22.0,"Rain, Partially cloudy",52.2
City Hotel,2016-11-03,22.8,15.0,18.0,0.1,100,29.5,11.0,"Rain, Partially cloudy",52.7
City Hotel,2016-11-04,19.5,16.5,17.7,15.887,100,27.7,21.7,"Rain, Partially cloudy",60.6
City Hotel,2016-11-05,19.8,12.6,15.8,9.88,100,0.0,18.3,"Rain, Partially cloudy",54.7
City Hotel,2016-11-06,16.5,10.7,13.1,0.0,0,0.0,17.1,Partially cloudy,35.4
City Hotel,2016-11-07,15.0,9.8,12.3,0.0,0,43.2,21.7,Partially cloudy,31.6
City Hotel,2016-11-08,17.0,10.2,13.0,0.0,0,0.0,14.2,Partially cloudy,24.8
City Hotel,2016-11-09,18.9,13.1,16.0,0.577,100,0.0,24.5,"Rain, Partially cloudy",60.5
City Hotel,2016-11-10,18.0,12.4,14.7,0.0,0,0.0,14.1,Partially cloudy,36.6
City Hotel,2016-11-11,16.7,10.8,14.0,0.006,100,25.9,10.5,"Rain, Partially cloudy",57.9
City Hotel,2016-11-12,19.6,14.6,16.8,8.791,100,0.0,10.9,"Rain, Partially cloudy",63.6
City Hotel,2016-11-13,19.7,14.0,16.9,0.177,100,40.7,18.2,"Rain, Partially cloudy",22.4
City Hotel,2016-11-14,18.8,13.8,16.1,0.0,0,0.0,27.8,Clear,18.8
City Hotel,2016-11-15,18.2,10.8,14.6,0.0,0,40.7,28.1,Clear,2.8
City Hotel,2016-11-16,19.6,10.3,14.8,0.0,0,24.1,20.8,Clear,5.7
City Hotel,2016-11-17,18.6,9.8,14.5,0.0,0,29.5,17.6,Partially cloudy,23.9
City Hotel,2016-11-18,18.4,13.1,15.3,1.433,100,0.0,14.3,"Rain, Partially cloudy",67.8
City Hotel,2016-11-19,18.8,11.5,14.8,1.185,100,0.0,21.3,"Rain, Partially cloudy",59.8
City Hotel,2016-11-20,17.1,15.7,16.3,36.107,100,40.7,29.0,"Rain, Partially cloudy",81.3
City Hotel,2016-11-21,16.1,10.1,13.5,21.205,100,50.4,27.3,"Rain, Partially cloudy",51.6
City Hotel,2016-11-22,13.4,8.5,10.5,0.434,100,32.4,17.8,"Rain, Partially cloudy",38.9
City Hotel,2016-11-23,14.6,9.0,11.2,0.0,0,39.6,22.3,Partially cloudy,28.2
City Hotel,2016-11-24,15.4,8.1,11.3,13.64,100,0.0,28.8,"Rain, Partially cloudy",46.8
City Hotel,2016-11-25,15.5,11.2,12.9,34.752,100,59.4,42.3,"Rain, Partially cloudy",58.5
City Hotel,2016-11-26,14.5,10.1,11.4,11.713,100,33.5,14.2,"Rain, Partially cloudy",45.6
City Hotel,2016-11-27,16.1,10.0,12.3,5.505,100,31.7,17.7,"Rain, Partially cloudy",32.6
City Hotel,2016-11-28,17.0,11.6,13.5,0.0,0,31.7,12.4,Partially cloudy,39.7
City Hotel,2016-11-29,15.0,9.4,12.4,0.0,0,36.0,14.3,Partially cloudy,61.3
City Hotel,2016-11-30,15.1,12.4,13.5,8.125,100,61.2,17.8,"Rain, Partially cloudy",62.1
City Hotel,2016-12-01,15.0,12.0,13.3,9.093,100,31.7,14.7,"Rain, Partially cloudy",67.7
City Hotel,2016-12-02,15.1,10.1,12.6,0.595,100,38.9,14.5,"Rain, Partially cloudy",84.9
City Hotel,2016-12-03,15.2,13.6,14.4,9.746,100,38.9,24.6,"Rain, Partially cloudy",81.2
City Hotel,2016-12-04,16.6,13.3,14.6,23.475,100,38.9,23.9,"Rain, Partially cloudy",70.3
City Hotel,2016-12-05,18.6,12.6,15.5,0.095,100,44.6,18.0,"Rain, Partially cloudy",47.9
City Hotel,2016-12-06,18.1,12.4,14.9,0.0,0,35.3,14.5,Partially cloudy,40.1
City Hotel,2016-12-07,15.6,11.9,14.0,0.005,100,46.4,14.3,"Rain, Partially cloudy",65.1
City Hotel,2016-12-08,16.1,9.9,12.8,0.0,0,33.5,18.1,Partially cloudy,72.6
City Hotel,2016-12-09,18.5,8.8,13.3,0.0,0,0.0,17.6,Partially cloudy,50.3
City Hotel,2016-12-10,18.1,12.6,14.7,0.0,0,31.7,11.0,Partially cloudy,70.6
City Hotel,2016-12-11,18.5,11.5,14.3,0.005,100,33.5,13.9,"Rain, Partially cloudy",25.3
City Hotel,2016-12-12,16.9,8.8,12.5,0.0,0,48.2,9.5,Clear,17.2
City Hotel,2016-12-13,13.8,9.9,12.0,0.005,100,24.1,14.1,"Rain, Partially cloudy",59.2
City Hotel,2016-12-14,15.5,11.2,13.4,17.926,100,40.7,21.5,"Rain, Partially cloudy",48.1
City Hotel,2016-12-15,14.6,10.1,12.0,8.364,100,48.2,28.5,"Rain, Partially cloudy",57.1
City Hotel,2016-12-16,12.5,9.0,10.6,11.518,100,61.2,28.8,"Rain, Partially cloudy",55.6
City Hotel,2016-12-17,16.0,10.6,13.2,0.0,0,0.0,28.4,Partially cloudy,20.3
City Hotel,2016-12-18,15.0,11.6,13.0,0.0,0,40.7,31.4,Clear,1.6
City Hotel,2016-12-19,16.4,10.6,12.3,0.0,0,0.0,21.0,Clear,8.7
City Hotel,2016-12-20,14.5,6.3,10.6,0.0,0,0.0,17.8,Clear,10.8
City Hotel,2016-12-21,14.6,7.5,11.5,0.0,0,29.5,14.4,Partially cloudy,61.1
City Hotel,2016-12-22,14.7,7.7,11.4,0.0,0,29.5,14.2,Partially cloudy,45.1
City Hotel,2016-12-23,16.0,8.4,11.9,0.0,0,0.0,17.9,Partially cloudy,33.7
City Hotel,2016-12-24,15.5,7.7,12.3,0.005,100,0.0,18.0,Rain,16.0
City Hotel,2016-12-25,15.0,9.1,11.9,0.0,0,37.1,21.2,Clear,5.3
City Hotel,2016-12-26,14.1,8.4,11.4,0.0,0,0.0,17.6,Partially cloudy,43.7
City Hotel,2016-12-27,13.0,7.3,10.5,0.0,0,0.0,14.3,Partially cloudy,39.1
City Hotel,2016-12-28,14.5,8.5,11.4,0.0,0,37.1,17.6,Clear,14.3
City Hotel,2016-12-29,15.0,8.5,11.8,0.0,0,0.0,21.5,Clear,2.2
City Hotel,2016-12-30,15.4,8.0,11.4,0.0,0,37.1,17.8,Clear,0.3
City Hotel,2016-12-31,13.8,5.8,10.3,0.0,0,0.0,14.4,Clear,10.2
City Hotel,2017-01-01,11.5,6.1,9.0,0.0,0,31.7,17.8,Partially cloudy,55.4
City Hotel,2017-01-02,15.5,9.9,12.6,10.59,100,50.0,32.0,"Rain, Partially cloudy",65.5
City Hotel,2017-01-03,18.6,14.0,16.0,2.503,100,0.0,21.4,"Rain, Partially cloudy",57.6
City Hotel,2017-01-04,16.3,11.8,14.0,0.003,100,0.0,8.4,"Rain, Partially cloudy",76.0
City Hotel,2017-01-05,13.4,9.5,11.2,0.11,100,0.0,11.0,"Rain, Overcast",94.2
City Hotel,2017-01-06,13.3,8.1,10.6,0.105,100,31.7,21.2,"Rain, Partially cloudy",60.6
City Hotel,2017-01-07,13.9,7.9,10.7,0.0,0,0.0,17.4,Clear,17.4
City Hotel,2017-01-08,13.5,7.3,10.0,0.0,0,0.0,14.0,Partially cloudy,37.8
City Hotel,2017-01-09,16.0,5.4,10.4,0.0,0,0.0,21.0,Partially cloudy,32.5
City Hotel,2017-01-10,17.3,11.2,13.6,0.0,0,44.6,31.9,Partially cloudy,49.4
City Hotel,2017-01-11,18.5,12.6,14.5,0.0,0,0.0,28.8,Partially cloudy,22.9
City Hotel,2017-01-12,13.6,8.9,11.6,0.0,0,0.0,11.2,Partially cloudy,66.5
City Hotel,2017-01-13,13.6,9.2,11.8,0.0,0,44.6,28.1,Partially cloudy,33.2
City Hotel,2017-01-14,12.9,8.0,9.9,0.0,0,0.0,21.2,Clear,7.3
City Hotel,2017-01-15,14.4,6.5,9.8,0.0,0,0.0,17.3,Clear,4.6
City Hotel,2017-01-16,15.0,3.6,9.9,0.0,0,0.0,14.5,Clear,5.0
City Hotel,2017-01-17,16.6,6.4,11.3,0.0,0,0.0,24.5,Clear,2.8
City Hotel,2017-01-18,12.2,4.0,7.6,0.0,0,0.0,28.1,Clear,2.1
City Hotel,2017-01-19,9.1,2.2,5.6,0.0,0,0.0,21.5,Clear,4.9
City Hotel,2017-01-20,10.7,2.3,6.9,0.0,0,25.9,13.7,Clear,16.8
City Hotel,2017-01-21,13.8,3.2,8.6,0.0,0,38.9,13.6,Clear,11.2
City Hotel,2017-01-22,13.9,6.1,9.8,0.0,0,0.0,18.2,Partially cloudy,35.1
City Hotel,2017-01-23,14.5,7.3,10.5,0.0,0,0.0,20.3,Clear,17.5
City Hotel,2017-01-24,14.0,6.4,10.0,0.0,0,0.0,13.2,Partially cloudy,22.4
City Hotel,2017-01-25,12.8,1.3,7.9,0.0,0,0.0,12.9,Partially cloudy,53.9
City Hotel,2017-01-26,13.1,10.2,12.1,68.226,100,46.4,23.2,"Rain, Partially cloudy",61.7
City Hotel,2017-01-27,13.3,8.8,10.5,7.873,100,50.0,25.0,"Rain, Partially cloudy",40.9
City Hotel,2017-01-28,15.1,8.3,11.4,1.947,100,0.0,21.1,"Rain, Partially cloudy",45.9
City Hotel,2017-01-29,16.4,12.1,14.2,0.01,100,0.0,24.8,"Rain, Partially cloudy",58.9
City Hotel,2017-01-30,16.8,12.7,13.7,0.005,100,0.0,21.9,"Rain, Partially cloudy",55.8
City Hotel,2017-01-31,12.6,10.9,12.0,17.99,100,0.0,17.7,"Rain, Partially cloudy",65.8
City Hotel,2017-02-01,15.5,10.0,12.7,1.071,100,0.0,25.9,"Rain, Partially cloudy",54.9
City Hotel,2017-02-02,16.1,13.1,14.4,7.506,100,55.4,32.4,"Rain, Partially cloudy",50.8
City Hotel,2017-02-03,15.6,13.7,14.7,0.305,100,55.4,39.1,"Rain, Partially cloudy",70.4
City Hotel,2017-02-04,16.0,14.1,15.0,4.681,100,53.6,39.0,"Rain, Partially cloudy",73.7
City Hotel,2017-02-05,16.4,10.6,13.3,0.002,100,53.6,25.4,"Rain, Partially cloudy",36.8
City Hotel,2017-02-06,16.9,9.6,13.0,0.0,0,0.0,24.8,Partially cloudy,37.1
City Hotel,2017-02-07,15.5,11.0,13.5,6.231,100,0.0,28.2,"Rain, Partially cloudy",52.2
City Hotel,2017-02-08,14.5,8.6,11.1,0.0,0,33.5,17.6,Partially cloudy,38.0
City Hotel,2017-02-09,14.6,6.0,9.2,7.347,100,63.0,25.9,"Rain, Partially cloudy",60.7
City Hotel,2017-02-10,10.0,6.6,7.8,2.755,100,37.1,14.3,"Rain, Partially cloudy",47.4
City Hotel,2017-02-11,11.1,6.5,8.8,8.457,100,0.0,25.1,"Rain, Partially cloudy",60.8
City Hotel,2017-02-12,14.6,9.5,11.5,16.19,100,42.5,24.6,"Rain, Partially cloudy",52.5
City Hotel,2017-02-13,15.1,9.7,12.3,6.484,100,0.0,27.9,"Rain, Partially cloudy",39.9
City Hotel,2017-02-14,17.5,10.1,13.5,14.967,100,0.0,25.4,"Rain, Partially cloudy",56.1
City Hotel,2017-02-15,17.2,10.6,13.6,0.099,100,27.7,17.6,"Rain, Partially cloudy",78.7
City Hotel,2017-02-16,18.3,11.0,14.2,0.0,0,0.0,17.8,Partially cloudy,22.7
City Hotel,2017-02-17,18.1,10.0,13.7,0.0,0,37.1,17.8,Partially cloudy,55.5
City Hotel,2017-02-18,16.0,10.1,12.6,0.0,0,35.3,21.3,Partially cloudy,35.4
City Hotel,2017-02-19,16.8,9.0,12.9,0.706,100,0.0,28.7,"Rain, Partially cloudy",24.8
City Hotel,2017-02-20,18.1,11.1,14.5,0.0,0,0.0,32.2,Clear,1.7
City Hotel,2017-02-21,18.1,12.1,15.0,0.0,0,0.0,28.2,Clear,11.3
City Hotel,2017-02-22,19.7,12.1,15.5,0.0,0,0.0,21.7,Clear,1.8
City Hotel,2017-02-23,18.0,12.6,14.5,0.0,0,0.0,27.8,Clear,15.7
City Hotel,2017-02-24,17.9,11.6,14.0,0.0,0,48.2,24.9,Partially cloudy,44.1
City Hotel,2017-02-25,15.6,10.6,12.7,0.0,0,35.3,14.3,Partially cloudy,52.3
City Hotel,2017-02-26,15.6,10.6,12.6,0.0,0,0.0,17.8,Partially cloudy,79.3
City Hotel,2017-02-27,16.4,10.7,13.0,2.327,100,0.0,21.3,"Rain, Partially cloudy",63.2
City Hotel,2017-02-28,16.4,10.6,12.8,0.0,0,0.0,17.3,Partially cloudy,55.4
City Hotel,2017-03-01,14.7,11.0,12.8,0.0,0,27.7,13.7,Partially cloudy,68.2
City Hotel,2017-03-02,17.4,10.5,13.0,0.0,0,0.0,17.8,Partially cloudy,58.1
City Hotel,2017-03-03,13.1,8.0,10.1,13.605,100,55.4,38.5,"Rain, Partially cloudy",53.0
City Hotel,2017-03-04,14.7,8.1,11.1,8.091,100,0.0,28.1,"Rain, Partially cloudy",56.7
City Hotel,2017-03-05,16.5,13.1,14.7,0.119,100,0.0,18.0,"Rain, Partially cloudy",64.9
City Hotel,2017-03-06,18.8,12.5,15.2,0.282,100,0.0,14.4,"Rain, Partially cloudy",56.5
City Hotel,2017-03-07,21.2,12.2,16.2,0.0,0,35.3,21.4,Partially cloudy,38.3
City Hotel,2017-03-08,22.0,11.9,16.7,0.0,0,38.9,20.7,Clear,18.8
City Hotel,2017-03-09,25.1,13.0,18.9,0.0,0,0.0,17.5,Clear,0.8
City Hotel,2017-03-10,23.5,13.7,17.9,0.0,0,0.0,14.5,Clear,9.7
City Hotel,2017-03-11,18.5,12.6,15.5,0.0,0,0.0,25.4,Partially cloudy,40.4
City Hotel,2017-03-12,17.5,12.1,13.9,0.0,0,66.6,41.2,Partially cloudy,38.3
City Hotel,2017-03-13,16.1,10.6,13.4,0.0,0,57.6,35.0,Partially cloudy,22.7
City Hotel,2017-03-14,16.7,12.9,14.7,0.0,0,0.0,31.9,Partially cloudy,49.1
City Hotel,2017-03-15,21.5,15.0,17.1,0.0,0,35.3,28.7,Partially cloudy,79.0
City Hotel,2017-03-16,20.0,11.6,15.2,0.0,0,31.7,20.9,Partially cloudy,73.6
City Hotel,2017-03-17,18.6,13.0,15.9,0.0,0,44.6,25.1,Partially cloudy,58.7
City Hotel,2017-03-18,22.7,12.4,17.5,0.0,0,35.3,21.2,Clear,0.0
City Hotel,2017-03-19,22.9,11.6,15.5,0.0,0,48.2,27.9,Partially cloudy,36.5
City Hotel,2017-03-20,17.0,12.1,13.6,0.0,0,44.6,22.1,Partially cloudy,66.7
City Hotel,2017-03-21,16.6,11.1,13.8,0.003,100,0.0,21.4,"Rain, Partially cloudy",52.8
City Hotel,2017-03-22,14.5,7.6,11.5,2.223,100,57.6,28.8,"Rain, Partially cloudy",50.6
City Hotel,2017-03-23,11.6,6.1,8.1,7.407,100,44.6,25.0,"Rain, Partially cloudy",45.7
City Hotel,2017-03-24,13.0,6.5,9.0,6.184,100,0.0,21.3,"Rain, Partially cloudy",48.4
City Hotel,2017-03-25,14.1,8.1,10.9,1.708,100,0.0,35.5,"Rain, Partially cloudy",53.2
City Hotel,2017-03-26,11.7,9.5,10.3,34.089,100,44.6,22.0,"Rain, Partially cloudy",60.4
City Hotel,2017-03-27,17.0,10.2,13.8,0.175,100,0.0,28.4,"Rain, Partially cloudy",42.4
City Hotel,2017-03-28,18.9,10.4,13.5,0.005,100,0.0,21.4,"Rain, Partially cloudy",53.8
City Hotel,2017-03-29,22.0,10.4,15.6,0.0,0,0.0,20.9,Partially cloudy,59.0
City Hotel,2017-03-30,21.0,12.5,15.9,0.0,0,0.0,28.5,Partially cloudy,68.5
City Hotel,2017-03-31,18.9,12.1,15.4,0.0,0,0.0,24.5,Partially cloudy,36.4
City Hotel,2017-04-01,18.5,11.5,14.4,0.0,0,0.0,21.6,Partially cloudy,41.9
City Hotel,2017-04-02,20.1,10.6,14.8,0.0,0,0.0,18.3,Partially cloudy,24.4
City Hotel,2017-04-03,23.6,12.0,16.8,0.0,0,0.0,27.4,Partially cloudy,20.6
City Hotel,2017-04-04,24.0,13.6,18.2,0.0,0,0.0,20.8,Clear,16.1
City Hotel,2017-04-05,25.0,14.0,19.8,0.0,0,0.0,21.6,Clear,9.5
City Hotel,2017-04-06,22.7,13.6,18.7,0.0,0,51.8,27.9,Clear,0.0
City Hotel,2017-04-07,25.6,13.9,19.5,0.0,0,29.5,17.4,Clear,0.0
City Hotel,2017-04-08,24.6,14.9,19.4,0.0,0,37.1,14.6,Clear,3.8
City Hotel,2017-04-09,24.6,13.5,18.7,0.0,0,0.0,24.3,Partially cloudy,63.3
City Hotel,2017-04-10,25.0,14.1,19.8,0.0,0,0.0,20.5,Partially cloudy,61.5
City Hotel,2017-04-11,28.0,15.5,20.6,0.0,0,0.0,23.5,Clear,7.8
City Hotel,2017-04-12,26.2,14.5,19.7,0.0,0,0.0,21.0,Clear,7.7
City Hotel,2017-04-13,21.5,13.6,17.1,0.0,0,0.0,18.0,Partially cloudy,27.5
City Hotel,2017-04-14,21.9,13.6,17.4,0.0,0,0.0,21.1,Partially cloudy,42.7
City Hotel,2017-04-15,23.0,14.0,17.5,0.0,0,0.0,21.1,Partially cloudy,44.4
City Hotel,2017-04-16,24.0,13.1,17.8,0.0,0,0.0,21.3,Partially cloudy,47.6
City Hotel,2017-04-17,26.6,12.8,19.1,0.0,0,33.5,11.7,Partially cloudy,23.0
City Hotel,2017-04-18,24.1,17.5,21.1,0.0,0,53.6,38.4,Partially cloudy,49.6
City Hotel,2017-04-19,24.9,16.1,20.0,0.0,0,38.9,28.5,Partially cloudy,41.9
City Hotel,2017-04-20,26.0,15.5,20.2,0.0,0,40.7,21.5,Partially cloudy,49.4
City Hotel,2017-04-21,23.0,15.0,18.3,0.0,0,50.0,24.8,Partially cloudy,66.8
City Hotel,2017-04-22,24.0,14.6,18.1,0.0,0,37.1,14.8,Partially cloudy,50.4
City Hotel,2017-04-23,24.0,17.0,19.7,0.0,0,0.0,21.3,Partially cloudy,43.9
City Hotel,2017-04-24,23.1,14.9,18.5,0.0,0,0.0,20.5,Partially cloudy,62.6
City Hotel,2017-04-25,20.5,13.6,16.1,0.0,0,0.0,21.0,Partially cloudy,45.5
City Hotel,2017-04-26,19.3,12.5,14.9,0.0,0,0.0,21.2,Partially cloudy,51.4
City Hotel,2017-04-27,20.1,11.4,15.3,0.0,0,0.0,25.0,Partially cloudy,65.1
City Hotel,2017-04-28,21.2,13.4,16.9,0.0,0,42.5,34.8,Partially cloudy,49.1
City Hotel,2017-04-29,19.9,12.4,15.6,0.0,0,31.7,20.7,Partially cloudy,32.1
City Hotel,2017-04-30,18.0,12.6,15.2,5.972,100,42.5,35.2,"Rain, Partially cloudy",45.3
City Hotel,2017-05-01,19.1,10.9,14.4,0.0,0,31.7,18.0,Partially cloudy,23.7
City Hotel,2017-05-02,25.2,11.4,17.5,0.0,0,0.0,17.9,Partially cloudy,52.2
City Hotel,2017-05-03,29.5,15.3,21.0,0.0,0,33.5,15.8,Partially cloudy,53.5
City Hotel,2017-05-04,22.5,16.8,18.6,0.0,0,0.0,28.6,Partially cloudy,68.5
City Hotel,2017-05-05,19.9,13.0,15.9,18.604,100,46.4,31.3,"Rain, Partially cloudy",45.4
City Hotel,2017-05-06,21.5,14.5,17.6,0.0,0,25.9,21.4,Partially cloudy,31.5
City Hotel,2017-05-07,26.6,14.6,19.8,0.0,0,37.1,27.2,Partially cloudy,37.0
City Hotel,2017-05-08,25.7,15.6,20.8,0.0,0,0.0,17.3,Partially cloudy,60.9
City Hotel,2017-05-09,21.4,15.4,17.9,2.831,100,44.6,35.6,"Rain, Partially cloudy",45.1
City Hotel,2017-05-10,19.4,15.6,16.8,6.512,100,46.4,32.9,"Rain, Partially cloudy",50.5
City Hotel,2017-05-11,19.5,13.3,16.2,21.523,100,57.6,35.0,"Rain, Partially cloudy",53.8
City Hotel,2017-05-12,20.0,14.1,17.0,10.598,100,44.6,31.5,"Rain, Partially cloudy",56.4
City Hotel,2017-05-13,20.0,14.0,17.1,0.094,100,0.0,25.2,"Rain, Partially cloudy",40.5
City Hotel,2017-05-14,22.4,15.6,18.6,0.0,0,0.0,24.9,Partially cloudy,43.1
City Hotel,2017-05-15,27.1,16.4,21.3,0.0,0,29.5,18.0,Partially cloudy,57.5
City Hotel,2017-05-16,30.6,20.5,24.0,0.0,0,0.0,27.9,Partially cloudy,84.8
City Hotel,2017-05-17,25.0,15.5,20.9,0.0,0,42.5,35.0,Partially cloudy,46.8
City Hotel,2017-05-18,19.5,14.1,16.4,0.0,0,0.0,31.8,Partially cloudy,35.2
City Hotel,2017-05-19,21.1,12.5,16.6,0.0,0,0.0,28.6,Clear,15.0
City Hotel,2017-05-20,30.0,13.1,21.5,0.0,0,36.0,24.3,Partially cloudy,38.7
City Hotel,2017-05-21,27.9,19.2,22.6,0.0,0,44.6,28.0,Partially cloudy,65.2
City Hotel,2017-05-22,26.4,17.5,21.1,0.0,0,33.5,27.6,Partially cloudy,32.2
City Hotel,2017-05-23,32.1,17.5,24.0,0.0,0,0.0,21.3,Clear,7.5
City Hotel,2017-05-24,30.1,17.7,24.3,0.0,0,33.5,21.4,Clear,19.6
City Hotel,2017-05-25,28.7,18.9,24.1,0.243,100,0.0,21.5,"Rain, Partially cloudy",30.4
City Hotel,2017-05-26,21.7,16.7,18.9,0.0,0,0.0,21.0,Partially cloudy,50.0
City Hotel,2017-05-27,22.9,16.5,18.7,0.0,0,0.0,23.8,Partially cloudy,57.8
City Hotel,2017-05-28,23.0,17.1,19.1,0.121,100,0.0,28.4,"Rain, Partially cloudy",54.5
City Hotel,2017-05-29,23.4,17.1,19.2,1.545,100,0.0,24.4,"Rain, Partially cloudy",52.2
City Hotel,2017-05-30,24.4,16.6,19.8,0.0,0,46.4,28.2,Partially cloudy,34.6
City Hotel,2017-05-31,25.1,16.5,20.0,0.0,0,0.0,28.1,Partially cloudy,26.7
City Hotel,2017-06-01,26.6,16.0,20.0,0.0,0,42.5,34.7,Partially cloudy,21.7
City Hotel,2017-06-02,26.0,15.6,19.8,0.0,0,51.8,31.9,Partially cloudy,26.9
City Hotel,2017-06-03,22.0,16.0,18.4,0.0,0,55.4,34.7,Partially cloudy,41.6
City Hotel,2017-06-04,22.1,15.2,18.2,0.0,0,48.2,38.4,Partially cloudy,29.2
City Hotel,2017-06-05,24.4,15.1,19.1,0.0,0,0.0,24.4,Partially cloudy,32.2
City Hotel,2017-06-06,23.5,16.9,19.7,0.0,0,46.4,28.0,Partially cloudy,41.7
City Hotel,2017-06-07,32.2,16.0,23.7,0.0,0,40.7,27.3,Clear,3.9
City Hotel,2017-06-08,25.9,18.0,22.7,0.0,0,0.0,27.8,Partially cloudy,43.4
City Hotel,2017-06-09,26.6,18.0,21.6,0.0,0,0.0,21.1,Partially cloudy,67.1
City Hotel,2017-06-10,29.2,18.0,22.8,0.0,0,0.0,25.1,Partially cloudy,58.3
City Hotel,2017-06-11,28.1,18.5,22.3,0.0,0,48.2,31.4,Partially cloudy,41.3
City Hotel,2017-06-12,32.4,18.5,23.9,0.0,0,0.0,28.4,Partially cloudy,38.0
City Hotel,2017-06-13,30.5,18.4,23.9,0.0,0,0.0,26.6,Partially cloudy,35.6
City Hotel,2017-06-14,26.5,19.4,22.9,0.0,0,0.0,20.7,Partially cloudy,21.4
City Hotel,2017-06-15,29.1,17.4,22.8,0.0,0,0.0,31.6,Clear,13.2
City Hotel,2017-06-16,36.0,17.9,26.0,0.0,0,33.5,23.9,Clear,10.9
City Hotel,2017-06-17,39.6,23.3,31.1,0.094,100,46.4,32.0,"Rain, Partially cloudy",32.6
City Hotel,2017-06-18,36.3,24.6,30.8,0.0,0,0.0,21.3,Partially cloudy,28.4
City Hotel,2017-06-19,35.7,22.3,28.1,0.0,0,35.3,35.3,Partially cloudy,21.0
City Hotel,2017-06-20,31.6,21.7,26.0,0.0,0,0.0,28.1,Clear,4.4
City Hotel,2017-06-21,25.2,20.0,22.3,0.0,0,0.0,21.2,Partially cloudy,39.0
City Hotel,2017-06-22,27.5,18.5,22.2,0.0,0,44.6,24.5,Partially cloudy,31.5
City Hotel,2017-06-23,29.0,18.0,23.1,0.0,0,0.0,27.9,Partially cloudy,32.1
City Hotel,2017-06-24,25.5,19.0,21.9,0.0,0,0.0,24.7,Partially cloudy,57.1
City Hotel,2017-06-25,25.4,18.4,20.3,0.1,100,0.0,24.6,"Rain, Partially cloudy",48.9
City Hotel,2017-06-26,24.7,18.0,20.4,0.0,0,0.0,27.2,Partially cloudy,52.8
City Hotel,2017-06-27,24.9,17.2,21.0,0.0,0,0.0,24.6,Partially cloudy,44.6
City Hotel,2017-06-28,24.8,18.1,20.6,0.204,100,46.4,25.1,"Rain, Partially cloudy",55.8
City Hotel,2017-06-29,22.6,16.5,19.0,0.0,0,50.0,28.3,Partially cloudy,45.7
City Hotel,2017-06-30,22.1,15.0,18.4,0.0,0,55.4,41.3,Partially cloudy,32.6
City Hotel,2017-07-01,25.2,15.1,19.6,0.0,0,48.2,35.1,Clear,2.1
City Hotel,2017-07-02,33.2,18.9,25.2,0.0,0,0.0,28.0,Clear,0.4
City Hotel,2017-07-03,33.2,21.0,27.5,0.0,0,0.0,21.0,Clear,0.0
City Hotel,2017-07-04,27.8,19.1,23.1,0.0,0,0.0,27.7,Clear,18.5
City Hotel,2017-07-05,23.1,17.6,20.0,0.0,0,0.0,17.5,Partially cloudy,47.2
City Hotel,2017-07-06,24.0,16.6,19.7,1.002,100,40.7,21.3,"Rain, Partially cloudy",42.7
City Hotel,2017-07-07,24.6,17.6,20.8,0.0,0,44.6,21.8,Partially cloudy,46.0
City Hotel,2017-07-08,22.4,18.5,19.8,0.0,0,0.0,18.6,Partially cloudy,70.7
City Hotel,2017-07-09,25.4,18.0,20.8,0.0,0,35.3,25.0,Partially cloudy,61.7
City Hotel,2017-07-10,25.0,18.0,20.6,0.0,0,0.0,31.7,Partially cloudy,38.3
City Hotel,2017-07-11,28.7,16.6,22.1,0.0,0,53.6,28.3,Clear,20.0
City Hotel,2017-07-12,32.6,19.1,25.4,0.0,0,0.0,27.3,Partially cloudy,21.8
City Hotel,2017-07-13,32.6,22.5,26.6,0.0,0,0.0,31.5,Clear,14.6
City Hotel,2017-07-14,30.9,18.9,24.1,0.0,0,42.5,24.3,Clear,13.1
City Hotel,2017-07-15,31.9,17.6,23.7,0.0,0,0.0,17.3,Clear,7.7
City Hotel,2017-07-16,29.4,18.4,23.3,0.0,0,29.5,17.5,Partially cloudy,26.8
City Hotel,2017-07-17,26.7,17.0,21.4,0.0,0,0.0,17.9,Partially cloudy,31.3
City Hotel,2017-07-18,24.4,17.5,20.8,0.0,0,0.0,17.6,Partially cloudy,70.7
City Hotel,2017-07-19,25.9,18.6,21.4,0.095,100,0.0,21.2,"Rain, Partially cloudy",62.7
City Hotel,2017-07-20,23.4,17.1,19.8,0.0,0,55.4,28.8,Partially cloudy,41.0
City Hotel,2017-07-21,24.0,16.5,19.7,0.0,0,51.8,29.4,Partially cloudy,29.4
City Hotel,2017-07-22,26.0,17.6,21.1,0.0,0,46.4,25.2,Partially cloudy,36.5
City Hotel,2017-07-23,27.1,16.6,21.5,0.0,0,61.2,38.8,Partially cloudy,26.4
City Hotel,2017-07-24,27.9,18.6,21.9,0.0,0,61.2,35.6,Partially cloudy,37.1
City Hotel,2017-07-25,31.7,18.1,23.9,0.0,0,61.2,34.9,Partially cloudy,21.7
City Hotel,2017-07-26,32.1,20.0,25.6,0.0,0,0.0,30.8,Clear,16.6
City Hotel,2017-07-27,28.4,18.0,22.9,0.0,0,51.8,24.9,Clear,19.9
City Hotel,2017-07-28,31.5,19.5,24.5,0.0,0,0.0,28.0,Partially cloudy,29.2
City Hotel,2017-07-29,31.2,19.6,23.6,0.0,0,0.0,28.6,Partially cloudy,24.6
City Hotel,2017-07-30,27.1,19.5,22.3,0.0,0,44.6,31.4,Partially cloudy,31.3
City Hotel,2017-07-31,23.5,17.0,19.9,0.001,100,0.0,24.5,"Rain, Partially cloudy",34.2
City Hotel,2017-08-01,26.5,16.9,21.0,0.0,0,0.0,21.8,Partially cloudy,35.4
City Hotel,2017-08-02,27.1,17.1,21.7,0.0,0,0.0,24.6,Partially cloudy,22.0
City Hotel,2017-08-03,30.6,20.0,24.5,0.0,0,0.0,28.0,Partially cloudy,29.0
City Hotel,2017-08-04,31.6,21.0,25.0,0.0,0,0.0,30.9,Partially cloudy,34.2
City Hotel,2017-08-05,26.6,19.1,22.4,0.0,0,46.4,34.5,Partially cloudy,43.3
City Hotel,2017-08-06,30.6,17.1,22.8,0.0,0,40.7,24.7,Clear,14.9
City Hotel,2017-08-07,25.4,17.2,20.4,0.0,0,50.0,28.6,Partially cloudy,37.2
City Hotel,2017-08-08,24.6,16.0,19.7,0.0,0,61.2,35.7,Partially cloudy,21.0
City Hotel,2017-08-09,23.1,16.1,19.2,0.0,0,68.4,38.6,Partially cloudy,21.0
City Hotel,2017-08-10,30.2,18.1,22.7,0.0,0,42.5,31.8,Clear,3.8
City Hotel,2017-08-11,33.8,16.4,25.7,0.0,0,33.5,28.0,Clear,3.7
City Hotel,2017-08-12,34.1,20.4,27.4,0.0,0,38.9,21.4,Partially cloudy,33.3
City Hotel,2017-08-13,31.8,20.2,25.9,0.0,0,31.7,25.1,Clear,12.4
City Hotel,2017-08-14,30.0,18.4,23.3,0.0,0,0.0,24.7,Partially cloudy,21.4
City Hotel,2017-08-15,29.0,18.0,22.0,0.0,0,0.0,28.1,Partially cloudy,42.6
City Hotel,2017-08-16,28.7,17.5,22.6,0.0,0,0.0,28.6,Clear,10.0
City Hotel,2017-08-17,32.4,20.0,24.5,0.0,0,51.8,32.1,Partially cloudy,25.4
City Hotel,2017-08-18,29.0,19.0,23.8,0.0,0,57.6,39.0,Partially cloudy,22.6
City Hotel,2017-08-19,31.5,19.5,24.4,0.0,0,0.0,31.1,Partially cloudy,22.3
City Hotel,2017-08-20,33.6,21.3,26.0,0.0,0,31.7,25.0,Clear,5.1
City Hotel,2017-08-21,29.6,20.1,24.9,0.0,0,0.0,24.5,Clear,1.7
City Hotel,2017-08-22,30.5,18.2,23.7,0.0,0,25.2,18.1,Clear,17.3
City Hotel,2017-08-23,30.4,18.6,23.4,0.0,0,32.4,31.4,Partially cloudy,47.7
City Hotel,2017-08-24,28.4,18.1,22.0,0.0,0,33.5,24.2,Partially cloudy,37.2
City Hotel,2017-08-25,28.6,16.4,22.0,0.0,0,0.0,17.7,Partially cloudy,54.0
City Hotel,2017-08-26,28.7,20.1,23.4,0.0,0,27.7,21.4,Partially cloudy,56.4
City Hotel,2017-08-27,25.4,18.1,21.3,0.0,0,37.1,28.3,Partially cloudy,32.1
City Hotel,2017-08-28,23.9,17.7,19.8,6.48,100,0.0,17.4,"Rain, Partially cloudy",46.6
City Hotel,2017-08-29,23.6,17.1,20.1,0.85,100,0.0,21.9,"Rain, Partially cloudy",43.0
City Hotel,2017-08-30,26.9,17.5,21.3,0.0,0,0.0,24.1,Partially cloudy,30.2
City Hotel,2017-08-31,28.0,17.6,21.7,0.0,0,46.4,31.1,Partially cloudy,22.0
